0,1
아이맥 27형 고급형 (애플공식 CTO) MRR12KH/A (3.7Ghz/64GB/580X/2TB FD),"5,117,000"
아이맥 27형 고급형 애플공식 CTO MRR12KH/A 실버 (메모리 64GB),"5,117,000"
아이맥 27형 고급형 (애플공식 CTO) MRR12KH/A 실버 (3.6GHz/8GB/SSD 512GB/RP580X),"4,313,750"
아이맥 27형 고급형 애플공식 CTO MRR12KH/A (메모리 64GB),"5,117,000"
2단 서랍형 아이맥 모니터 받침대,"17,600"
WIZ-H52Plus 4포트 USB3.0 허브 iMac iMacPro 전용 일체형 USB허브,"21,500"
WIZ-H52PRO 7 in 1 USB C타입 알루미늄 USB허브 IMAC IMACPRO 고정 일체형,"66,900"
아이맥 전용 매직 마우스 휴대용 파우치,"14,400"
와이드 서랍형 모니터 받침대 아이맥 모니터 받침대,"22,400"
아이맥 27인치(신/구 호환) 향균 보안필름 블루라이트차단 양면 정보보안기,"81,720"
아이맥 21.5인치(신/구 호환) 향균 보안필름 블루라이트차단 양면 정보보안기,"63,720"
고든 아이맥 전용 모니터암 UMA-2M,"189,000"
Original LCD 디스플레이 조립품 LM215UH1SDA1 아이맥 215 A1418 4K 레티나 스크린,"681,180"
아이맥 SSD 쏘드라이브 하드 교체 업그레이드 256GB 512GB 1TB 2TB,"89,800"
iMac용 7in1 USB-C 허브 iHUB WIZ-H52Pro,"59,500"
(NETmate) NMT-PF27A iMac 액정 보호 필터27형 와이드,"69,497"
[고든] 아이맥 전용 모니터암 UMA-2M,"199,000"
(NETmate) NMT-PF27A iMac 액정 보호 필터27형 와이드,"71,430"
[힐링쉴드]애플 아이맥 프로 27형 AFP 올레포빅 액정+외부보호필름 세트(HS1761547),"53,820"
[힐링쉴드]애플 아이맥 27형(신형/구형 호환) 버츄얼스킨 매트 외부보호필름 2매(HS1761544),"8,820"
[힐링쉴드]애플 아이맥 프로 27형 AG Nanovid 저반사 지문방지 액정+외부보호필름 세트(HS1761546),"53,820"
iMac용 알루미늄 4포트 USB3.0 허브 iHUB WIZ-H52Plus,"19,900"
그래픽카드 노트북 모니터 맥미니 IMAC DVI케이블 2M,"19,240"
트웰브사우스 스테이고 USB-C HUB,"129,000"
액정1보호필름 iMac 에어맥 NETmate 필름 액정 보호 필터 27형와이드,"120,860"
(NETmate) NMT-PF21A iMac 액정 보호 필터21.5형와이드,"57,857"
(NETmate) NMT-PF21A iMac 액정 보호 필터21.5형와이드,"59,170"
[힐링쉴드]애플 아이맥 21.5형(신형/구형 호환) 버츄얼스킨 매트 외부보호필름 2매(HS1761543),"7,200"
[힐링쉴드]애플 아이맥 프로 27형 버츄얼스킨 매트 외부보호필름 2매(HS1761545),"8,820"
아트박스/카멜마운트 아이맥 전용 모니터암 UMA-2M,"219,000"
샌드스탬핑 게이밍 디자이너 아이맥 맥북 고감도 샤오미 마우스패드 대형 ZEN,"14,680"
위즈플랫 iMac용 알루미늄 4포트 USB3.0 허브 iHUB WIZ-H52 PRO,"99,000"
NETmate 에어맥 보호필터 iMac 액정1보호필름 보호 필터 21.5형와이드,"101,460"
트웰브사우스 하버바 듀오,"109,000"
스마트폰 iMac 핸드폰 액정 강화유리필름 보호 필터 27와이드,"124,120"
맥북에어 M1 13인치 2021 무광 외부보호필름 각2매-길라잡이,"9,900"
맥북에어 M1 13인치 2021 디지털PPF 외부필름 각2매-길라잡이,"11,900"
맥북에어 M1 13인치 2021 블루라이트차단 보호필름-길라잡이,"16,800"
맥북에어 M1 13인치 2021 9H 나노글라스 보호필름-길라잡이,"19,100"
맥북에어 M1 13인치 2021 유광 외부보호필름 각2매-길라잡이,"9,900"
맥북에어 M1 13인치 2021 카본 외부보호필름 각2매 -길라잡이,"10,900"
맥북에어 M1 13인치 2021 저반사 액정보호필름-길라잡이,"15,100"
맥북에어 M1 13인치 2021 고경도 액정보호필름-길라잡이,"16,100"
맥북프로 M1 13인치 2021 9H 나노글라스 보호필름-길라잡이,"19,100"
맥북프로 M1 13인치 2021 무광 외부보호필름 각2매-길라잡이,"9,900"
맥북프로 M1 13인치 2021 유광 외부보호필름 각2매-길라잡이,"9,900"
맥북프로 M1 13인치 2021 카본 외부보호필름 각2매-길라잡이,"10,900"
맥북프로 M1 13인치 2021 디지털PPF 외부필름 각2매-길라잡이,"11,900"
맥북프로 M1 13인치 2021 저반사 액정보호필름-길라잡이,"15,100"
맥북프로 M1 13인치 2021 고경도 액정보호필름-길라잡이,"16,100"
맥북프로 M1 13인치 2021 블루라이트차단 보호필름-길라잡이,"16,800"
애니클리어 프리미엄 노트북 모니터받침대 AP-7,"29,800"
트웰브사우스 파크 슬로프 맥북거치대,"69,000"
아이맥 고양이 화장실 이지캣,"43,194"
아이맥 고양이 화장실 이지캣 모음,"43,194"
아이맥 고양이 화장실 매디,"60,168"
아이맥 고양이 화장실 진저,"47,932"
아이맥 고양이 화장실 주마,"67,344"
iMac SlipperMarine Blue,"42,750"
아이맥 이동장 리누스 카브리오,"46,920"
iMac SlipperDark Brown,"42,750"
아이맥 남성용 캐주얼 더비 구두 MIM019_P069793349,"215,200"
아이맥 여성용 밴딩 슬립온 WIKW041_P075518818,"242,100"
아이맥 이동장 리누스 카브리오,"46,920"
아이맥 고양이 화장실 매디 모음,"60,168"
아이맥 고양이 화장실 진저 모음,"47,932"
아이맥 고양이 화장실 주마 모음,"67,344"
아이맥 남성용 스웨이드 첼시 부츠 MIM021_P069599383,"231,200"
아이맥 남성용 캐주얼 스니커즈 MIKM022_P083848482,"269,100"
아이맥 고양이 화장실 듀오20 평판형 화장실,"29,440"
아이맥 강아지 고양이 이동장 카브리오 캐리어 켄넬,"46,920"
아이맥 여성용 콤비 천연가죽 펌프스 WIW037_P065489395,"351,200"
아이맥 강아지 고양이 이동장 카브리오 켄넬 캐리어,"46,920"
[아이맥] 이동장캐리스포츠(TORTORA)N80980,"29,212"
[아이맥] 화장실이지캣(MARRONE)N84091,"43,311"
아이몰 아이맥패드 아이패드 블루투스 키보드,"70,310"
아이맥 남성용 스웨이드 첼시 부츠 MIM021,"108,800"
아이맥 여성용 앵클 퍼 부츠 WIB013,"131,325"
[아이맥] 화장실이지캣(AZZURRO)N84094,"43,311"
[아이맥] 화장실진저(AZZURRO)N84383,"50,867"
트웰브사우스 북아크 정품 맥북 거치대 스탠드 받침대 버티컬 애플액세서리,"69,000"
[리퍼]★초.특.가★애플 맥북프로 8세대 코어i5 터치바 MV962KH/A ( I5 8279U/램 8G/SSD 256G/터치바),"1,399,000"
[B급 리퍼★단하루 특가!★애플 맥북프로 13형 스페이스그레이 MLL42KH/A (코어i5/램8G/SSD256G),"959,000"
아이몰 아이맥패드 아이패드 블루투스 키보드,"70,310"
[리퍼]★선착순 한정★애플 맥북레티나 골드 (인텔 듀얼코어/DDR3 8G/SSD256G),"699,000"
아이맥 27형 고급형 (애플공식 CTO) MRR12KH/A 실버 (3.6GHz/8GB/SSD 512GB/RP580X),"4,313,750"
[B급 리퍼]★선착순 초.특.가★애플 맥북 프로 MJLQ2KH/A (코어i7/램16G/SSD256G),"1,198,000"
아이맥 27형 고급형 애플공식 CTO MRR12KH/A 실버 (메모리 64GB),"5,117,000"
[힐링쉴드]애플 아이맥 21.5형(신형/구형 호환) 버츄얼스킨 매트 외부보호필름 2매(HS1761543),"7,200"
아이맥 27형 고급형 애플공식 CTO MRR12KH/A (메모리 64GB),"5,117,000"
[Apple]애플 맥북 & 맥미니 사전예약 外 애플 상품 총출동~,"1,125,200"
[리퍼]★고사양 한정★애플 맥북프로 MPTR2KH/A (코어i7-7700HQ/램16G/SSD256G/15.4인치),"1,698,000"
아이맥 27형 고급형 (애플공식 CTO) MRR12KH/A (3.7Ghz/64GB/580X/2TB FD),"5,117,000"
[B급 리퍼]★초경량 920g★애플 맥북 레티나 12인치 MF855KH/A (듀얼코어/DDR3 8G/SSD256G),"699,000"
애니클리어 프리미엄 노트북 모니터받침대 AP-7,"29,800"
아이맥 SSD 쏘드라이브 하드 교체 업그레이드 256GB 512GB 1TB 2TB,"89,800"
[고든] 아이맥 전용 모니터암 UMA-2M,"199,000"
